date,sentiment,fills,accounts,symbols,notional_usd,avg_notional_usd,gross_closed_pnl,total_fees,net_pnl,closed_fills,reducing_position_rate,closed_win_rate,avg_closed_pnl,median_closed_pnl,net_pnl_per_1k_notional
2023-05-01,Greed,3,1,1,477.0,159.0,0.0,0.0,0.0,0,0.0,,,,0.0
2023-12-05,Extreme Greed,9,1,2,50005.83,5556.203333333334,0.0,12.501455,-12.501455,0,0.0,,,,-0.2499999500058293
2023-12-14,Greed,11,1,4,113203.35,10291.213636363636,-205.43473700000007,28.300831000000002,-233.73556800000003,6,54.54545454545454,66.66666666666666,-34.23912283333335,22.872075,-2.064740734262723
2023-12-15,Greed,2,1,1,10609.95,5304.975,-24.632033999999997,2.652489,-27.284523,2,100.0,0.0,-12.316016999999999,-12.316016999999999,-2.5715976983868916
2023-12-16,Greed,3,1,1,15348.77,5116.256666666667,0.0,3.8371890000000004,-3.8371890000000004,0,0.0,,,,-0.2499997719686985
2023-12-17,Greed,14,1,3,116278.02,8305.572857142857,304.982785,29.069499,275.91328599999997,11,78.57142857142857,63.63636363636363,27.725707727272724,0.6,2.3728756819216557
2023-12-18,Greed,2,1,1,31164.179999999997,15582.089999999998,0.0,7.791045,-7.791045,0,0.0,,,,-0.25000000000000006
2023-12-19,Greed,15,1,2,91602.41,6106.827333333334,1000.5386120000001,22.900596,977.638016,10,66.66666666666666,100.0,100.0538612,23.210407,10.672623307618217
2023-12-20,Greed,18,1,2,141636.79,7868.710555555556,162.732282,35.409187,127.323095,8,44.44444444444444,100.0,20.34153525,5.350747,0.8989408401588315
2023-12-21,Greed,49,1,1,125233.97,2555.795306122449,537.211402,31.308469,505.902933,27,55.10204081632652,96.29629629629629,19.896718592592592,11.395824,4.0396621859069075
2023-12-22,Greed,10,1,2,88874.28,8887.428,141.832675,22.218566000000003,119.61410899999998,2,20.0,100.0,70.9163375,70.9163375,1.3458799216151172
2023-12-23,Greed,13,1,2,78438.25,6033.711538461538,146.936704,19.609555,127.327149,8,61.53846153846154,100.0,18.367088,22.501094000000002,1.6232788084894805
2023-12-24,Greed,39,1,4,402954.94,10332.177948717948,1008.619956,100.738715,907.881241,17,43.58974358974359,88.23529411764706,59.330585647058825,14.762976,2.253058967337638
2023-12-25,Greed,3,1,1,59948.51,19982.836666666666,-245.081348,14.987124999999999,-260.068473,1,33.33333333333333,0.0,-245.081348,-245.081348,-4.338197446441955
2023-12-27,Greed,28,1,2,171411.06,6121.823571428571,-704.8892269999999,42.852747,-747.741974,13,46.42857142857143,30.76923076923077,-54.222248230769225,-62.398208,-4.362273787934104
2023-12-28,Greed,23,1,2,100117.25,4352.923913043478,-970.730876,25.0293,-995.760176,13,56.52173913043478,0.0,-74.67160584615384,-60.768408,-9.945940145179776
2023-12-29,Greed,50,1,4,569559.72,11391.1944,508.92214299999995,142.389901,366.532242,20,40.0,75.0,25.446107149999996,7.804460000000001,0.6435361018858567
2023-12-30,Greed,52,1,3,702550.21,13510.58096153846,354.998648,175.637526,179.36112199999997,33,63.46153846153846,69.6969696969697,10.757534787878788,7.4475,0.25530007599029825
2024-01-01,Greed,18,1,3,264239.52999999997,14679.973888888888,-129.53146,66.059867,-195.59132699999998,6,33.33333333333333,16.666666666666664,-21.58857666666667,-75.76867200000001,-0.7402046431130119
2024-01-02,Greed,17,1,2,121348.74,7138.1611764705885,783.979116,30.337176,753.64194,9,52.94117647058824,88.88888888888889,87.10879066666666,35.112325,6.210546067474619
2024-01-03,Greed,67,1,6,394499.36,5888.050149253731,866.015507,98.624811,767.390696,35,52.23880597014925,80.0,24.7433002,0.170945,1.9452267197594442
2024-01-04,Greed,5,1,1,99792.54000000001,19958.508,-67.60364,24.948132,-92.551772,3,60.0,0.0,-22.534546666666667,-1.16174,-0.9274417907390672
2024-01-05,Greed,66,1,2,1703942.66,25817.31303030303,164.141565,425.985639,-261.844074,23,34.84848484848485,56.52173913043478,7.136589782608696,1.27578,-0.15366953369193773
2024-01-06,Greed,22,1,3,298521.4,13569.154545454547,135.58166400000002,74.630342,60.95132200000004,12,54.54545454545454,83.33333333333334,11.298472000000002,2.95032,0.20417739565739687
2024-01-07,Greed,97,1,8,1048850.06,10812.887216494846,-835.681235,262.212464,-1097.893699,37,38.144329896907216,24.324324324324326,-22.585979324324324,-3.28275,-1.0467594376645217
2024-01-08,Greed,128,1,6,1522452.43,11894.159609375,-269.874439,380.613064,-650.4875030000002,67,52.34375,47.76119402985074,-4.027976701492538,-0.010991,-0.4272629411481843
2024-01-09,Extreme Greed,70,1,6,870051.97,12429.313857142857,-826.349863,204.012928,-1030.3627910000002,28,40.0,64.28571428571429,-29.512495107142858,3.613804,-1.1842543049468646
2024-01-10,Greed,193,1,5,2057479.48,10660.515440414507,-1517.091342,434.044865,-1951.136207,83,43.005181347150256,49.39759036144578,-18.278208939759036,-0.0265,-0.9483138111297227
2024-01-11,Extreme Greed,21,2,3,305314.1,14538.766666666666,-164.08950099999998,75.867171,-239.95667199999997,9,42.857142857142854,55.55555555555556,-18.232166777777778,0.001862,-0.785933803908827
2024-01-12,Greed,7,1,2,200082.27,28583.181428571428,-1925.519024,49.480726999999995,-1974.999751,2,28.57142857142857,0.0,-962.759512,-962.759512,-9.870938344511986
2024-01-15,Neutral,14,2,2,50636.1,3616.8642857142854,152.85358,12.652712,140.200868,9,64.28571428571429,100.0,16.983731111111112,2.49567,2.7687927782747885
2024-01-16,Greed,9,2,3,116427.33,12936.37,-2299.171458,17.319309,-2316.4907670000002,5,55.55555555555556,60.0,-459.8342916,2.0583,-19.89645186400822
2024-01-17,Greed,53,1,2,800831.03,15110.019433962265,813.2741110000001,159.707606,653.566505,19,35.84905660377358,57.89473684210527,42.80390057894737,0.10668,0.8161103660031754
2024-01-18,Greed,46,1,2,424631.52999999997,9231.120217391304,68.93319,92.657901,-23.724710999999996,9,19.565217391304348,33.33333333333333,7.6592433333333325,-2.990714,-0.055871289162159006
2024-01-19,Neutral,48,2,3,428428.97,8925.603541666665,-385.419235,93.051868,-478.471103,27,56.25,22.22222222222222,-14.274786481481483,-0.133,-1.1168038029734544
2024-01-20,Neutral,106,1,16,1070090.51,10095.193490566038,-146.57487000000003,267.522583,-414.097453,32,30.18867924528302,46.875,-4.580464687500001,-0.041306499999999996,-0.38697423174045337
2024-01-21,Greed,11,1,4,103129.74,9375.43090909091,266.58114600000005,25.78243,240.79871599999998,5,45.45454545454545,60.0,53.31622920000001,37.768416,2.334910531142617
2024-01-22,Greed,85,2,10,337878.99,3975.0469411764707,1375.640959,67.478268,1308.162691,41,48.23529411764706,56.09756097560976,33.552218512195125,0.2412,3.8716899532581177
2024-01-23,Neutral,45,1,8,414518.93000000005,9211.531777777778,-369.2447299999998,85.72457,-454.96929999999986,20,44.44444444444444,55.00000000000001,-18.46223649999999,15.775128,-1.097583890800837
2024-01-24,Neutral,68,1,4,965084.59,14192.42044117647,-2808.353815,227.771095,-3036.12491,40,58.82352941176471,25.0,-70.208845375,-9.904356,-3.145967660720808
2024-01-25,Neutral,6,1,1,66566.13,11094.355000000001,-3093.6293849999997,16.641532,-3110.270917,6,100.0,0.0,-515.6048975,-481.44219250000003,-46.724526677455934
2024-01-26,Neutral,5,2,2,11773.21,2354.642,90.2,0.444235,89.755765,1,20.0,100.0,90.2,90.2,7.623729212338861
2024-01-28,Neutral,11,1,1,18109.03,1646.2754545454545,-2478.06972,-0.362176,-2477.707544,11,100.0,0.0,-225.27906545454545,-68.216526,-136.82165991220955
2024-01-29,Greed,74,2,11,414208.18,5597.407837837838,486.562542,103.26260500000001,383.299937,45,60.810810810810814,100.0,10.812500933333334,1.648152,0.9253799309323152
2024-01-30,Greed,49,1,2,401011.38,8183.905714285715,-173.65419100000003,100.25281,-273.90700100000004,19,38.775510204081634,26.31578947368421,-9.139694263157896,-1.388821,-0.6830404688265955
2024-01-31,Greed,859,1,8,6305647.13,7340.683504074505,-799.840817,1549.411475,-2349.252292,436,50.9895227008149,52.981651376146786,-1.8344972866972478,0.0010999999999999998,-0.37256323475874553
2024-02-01,Greed,6,1,3,2008.18,334.69666666666666,0.0,0.5020439999999999,-0.5020439999999999,0,0.0,,,,-0.24999950203666998
2024-02-02,Greed,42,1,3,474278.43,11292.343571428572,456.423473,91.569636,364.853837,21,50.0,61.904761904761905,21.734451095238096,0.68988,0.7692819532189141
2024-02-03,Greed,56,1,3,603820.0,10782.5,223.30918699999998,109.662349,113.64683800000003,12,21.428571428571427,50.0,18.609098916666664,-0.018115,0.18821310655493365
2024-02-04,Greed,35,1,4,203187.53,5805.358,47.62389499999999,50.52688,-2.9029850000000166,28,80.0,32.142857142857146,1.7008533928571425,-3.8833495,-0.014287220283646426
2024-02-05,Greed,72,1,4,770198.26,10697.198055555556,-33.45419400000003,165.549465,-199.00365900000008,32,44.44444444444444,43.75,-1.045443562500001,-0.30223500000000003,-0.25837978262895595
2024-02-06,Greed,1088,1,5,8047153.41,7396.280707720588,-215.615907,988.606997,-1204.222904,523,47.61029411764706,34.22562141491396,-0.41226750860420647,-0.253863,-0.1496458241374573
2024-02-07,Greed,15,1,2,6758.73,450.582,241.24212,0.339693,240.902427,2,13.333333333333334,100.0,120.62106,120.62106,35.643149970482625
2024-02-08,Greed,10,1,5,26051.12,2605.112,770.756024,3.0028870000000003,767.7531369999999,4,40.0,100.0,192.689006,178.933585,29.471022243957265
2024-02-11,Greed,34,1,5,212311.82,6244.465294117647,983.443176,24.955292,958.487884,7,20.588235294117645,100.0,140.4918822857143,1.7928,4.514529073322437
2024-02-12,Greed,16,1,3,227247.69999999998,14202.981249999999,913.8817869999998,27.111911,886.7698759999998,15,93.75,40.0,60.925452466666655,-51.671804,3.9022171665543803
2024-02-13,Extreme Greed,14,1,1,1999.99,142.85642857142858,559.44389,-0.039992,559.483882,14,100.0,100.0,39.960277857142856,30.05825,279.7433397166986
2024-02-14,Greed,111,2,9,320839.88,2890.4493693693694,3830.599833,22.917474000000002,3807.682359,84,75.67567567567568,98.80952380952381,45.60237896428572,32.1738725,11.867858693252224
2024-02-15,Greed,63,2,7,185188.04,2939.4926984126987,1840.797677,30.706297,1810.09138,60,95.23809523809523,95.0,30.679961283333334,14.12442,9.774342770731847
2024-02-16,Greed,182,2,7,564896.51,3103.826978021978,5491.768834,27.22517,5464.543664,146,80.21978021978022,100.0,37.61485502739726,12.3432,9.673530579964106
2024-02-17,Extreme Greed,94,2,9,406118.07,4320.405,1929.6418,62.055053,1867.586747,65,69.14893617021278,93.84615384615384,29.686796923076926,13.516929,4.59863001663531
2024-02-18,Greed,97,1,5,157048.17,1619.0532989690723,477.6248299999999,-3.140925,480.7657549999999,68,70.10309278350515,89.70588235294117,7.023894558823528,22.52548,3.0612630188559335
2024-02-19,Extreme Greed,101,2,6,286377.2,2835.417821782178,4317.768563,14.85262,4302.915943,79,77.22772277227723,97.46835443037975,54.65529826582278,11.9812,15.02534399735733
2024-02-20,Greed,39,2,6,119419.72,3062.0441025641026,3263.628824,3.073675,3260.555149,32,82.05128205128204,96.875,101.98840075,20.6318,27.303322675685386
2024-02-21,Extreme Greed,22,2,4,108047.51999999999,4911.250909090909,1858.7985700000002,2.970629,1855.827941,15,68.18181818181817,100.0,123.91990466666668,51.5264,17.176034591076228
2024-02-22,Greed,88,2,5,373033.87,4239.02125,3894.1050699999996,25.45258,3868.6524899999995,54,60.22727272727273,74.07407407407408,72.11305685185185,2.861352,10.370780781916665
2024-02-23,Extreme Greed,143,1,3,111106.14,776.966013986014,1418.55293,-2.067069,1420.619999,138,96.5034965034965,99.27536231884058,10.279369057971016,7.776118,12.786152043442424
2024-02-25,Greed,5,1,1,4480.13,896.0260000000001,-30.7705,-0.0896,-30.6809,2,40.0,0.0,-15.38525,-15.38525,-6.8482164580045675
2024-02-26,Greed,39,2,3,192187.14,4927.875384615385,4416.8473,-0.09772499999999981,4416.945025,34,87.17948717948718,100.0,129.90727352941178,38.287499999999994,22.982521229047894
2024-02-27,Extreme Greed,63,2,7,209362.3,3323.2111111111108,888.511733,-3.761609,892.2733420000001,42,79.36507936507937,61.904761904761905,21.155041261904763,9.805995,4.261862532079558
2024-02-28,Extreme Greed,45,1,3,171107.13,3802.380666666667,2503.747235,-1.377152,2505.124387,39,86.66666666666667,100.0,64.19864705128205,49.734,14.640677960059291
2024-02-29,Extreme Greed,116,2,8,395666.73,3410.9200862068965,9813.996992,1.3590849999999999,9812.637907,100,85.34482758620689,100.0,98.13996992,39.39018,24.800260327675268
2024-03-01,Extreme Greed,137,1,7,472974.7,3452.370072992701,8244.241409,-0.546854,8244.788263,128,93.43065693430657,100.0,64.4081360078125,30.998015000000002,17.431774390892368
2024-03-02,Extreme Greed,31,2,4,63197.56,2038.6309677419354,230.90060000000005,-0.4691290000000001,231.36972899999995,28,90.32258064516128,75.0,8.246450000000001,1.4668,3.6610547780642158
2024-03-03,Extreme Greed,79,1,8,390745.68,4946.1478481012655,8361.086245,-2.507103,8363.593348,54,68.35443037974683,100.0,154.83493046296297,37.45367,21.404186344427405
2024-03-04,Extreme Greed,300,2,15,1577996.87,5259.989566666667,27799.775742,-0.559449,27800.335191,270,90.0,98.51851851851852,102.96213237777778,35.79009,17.6174843686477
2024-03-05,Extreme Greed,180,1,5,841810.32,4676.724,19791.026041,-4.438459,19795.464500000002,163,90.55555555555556,100.0,121.41733767484664,41.235561,23.515350227590464
2024-03-06,Extreme Greed,82,1,6,327218.02,3990.4636585365856,6814.825139,-3.355318,6818.1804569999995,72,87.8048780487805,100.0,94.65034915277778,29.4508905,20.836812278859213
2024-03-08,Extreme Greed,67,1,5,183583.18,2740.047462686567,4271.886236,-3.6716290000000003,4275.557865,59,88.05970149253731,100.0,72.40485145762712,15.7183,23.28948580692414
2024-03-09,Extreme Greed,117,1,6,658178.75,5625.459401709401,9949.501624,1.8517640000000002,9947.64986,107,91.45299145299145,90.65420560747664,92.98599648598132,26.79468,15.113903115225158
2024-03-10,Extreme Greed,42,1,3,219973.85,5237.472619047619,2482.9272,2.281072,2480.646128,38,90.47619047619048,76.31578947368422,65.34018947368422,4.4589,11.277004643961087
2024-03-11,Extreme Greed,42,1,2,176519.44999999998,4202.844047619047,3588.179495,8.47289,3579.7066050000003,39,92.85714285714286,100.0,92.00460243589744,19.37925,20.279389070156295
2024-03-12,Extreme Greed,8,1,1,103040.85,12880.10625,3039.166,4.945953,3034.220047,7,87.5,100.0,434.16657142857144,25.6373,29.44676841272175
2024-03-13,Extreme Greed,7,1,1,6000.799999999999,857.2571428571428,0.0,2.100278,-2.100278,0,0.0,,,,-0.3499996667111052
2024-03-14,Extreme Greed,18,2,3,205933.18,11440.732222222221,3465.865832,11.716792,3454.14904,16,88.88888888888889,100.0,216.6166145,98.5385235,16.77315447661227
2024-03-15,Extreme Greed,62,3,6,351894.41,5675.71629032258,6236.513651,49.485003,6187.0286479999995,41,66.12903225806451,100.0,152.11008904878048,81.62,17.582060050342943
2024-03-16,Extreme Greed,8,2,2,37223.66,4652.9575,228.57984,10.52828,218.05156,1,12.5,100.0,228.57984,228.57984,5.857875340576396
2024-03-17,Extreme Greed,23,3,4,99506.95,4326.389130434783,503.293955,33.763329,469.5306259999999,10,43.47826086956522,100.0,50.3293955,20.468040000000002,4.71857117517922
2024-03-18,Extreme Greed,19,3,3,90458.08,4760.951578947369,1456.9577,24.943279999999998,1432.01442,6,31.57894736842105,100.0,242.82628333333332,21.165,15.830696605543693
2024-03-19,Extreme Greed,24,3,4,219884.84,9161.868333333334,668.797973,25.988312,642.809661,7,29.166666666666668,71.42857142857143,95.54256757142856,79.575881,2.9233923584727353
2024-03-20,Greed,69,2,6,215705.85,3126.171739130435,6423.134599,39.878838,6383.255760999999,60,86.95652173913044,100.0,107.05224331666666,17.689555,29.592409111760297
2024-03-21,Extreme Greed,28,3,3,117895.57,4210.556071428572,2335.5080749999997,16.394750000000002,2319.1133250000003,23,82.14285714285714,100.0,101.54382934782608,34.35,19.67091151092446
2024-03-24,Greed,19,1,1,92592.20999999999,4873.274210526315,1297.018477,8.888837,1288.12964,15,78.94736842105263,100.0,86.46789846666667,72.408688,13.911857595795588
2024-03-25,Extreme Greed,7,1,1,57116.32,8159.4742857142855,1302.916428,19.990712,1282.925716,6,85.71428571428571,100.0,217.152738,195.2767275,22.461631211534637
2024-03-26,Extreme Greed,118,2,3,198565.19,1682.7558474576272,3215.906593,28.147402999999997,3187.7591899999998,110,93.22033898305084,100.0,29.235514481818182,20.13996,16.053967918546043
2024-03-27,Extreme Greed,38,2,3,99864.79,2628.020789473684,150.41114,31.717952,118.693188,19,50.0,63.1578947368421,7.916375789473683,2.5575,1.1885389034513567
2024-03-28,Extreme Greed,13,2,2,35323.72,2717.209230769231,227.85100799999998,9.059229,218.791779,9,69.23076923076923,100.0,25.316778666666664,15.568696,6.1939053701025815
2024-03-29,Extreme Greed,15,1,1,86914.37,5794.291333333333,883.097404,30.420029999999997,852.677374,6,40.0,100.0,147.18290066666665,176.4759,9.81054541383663
2024-03-30,Extreme Greed,45,1,1,101103.92,2246.753777777778,1100.57514,9.939454,1090.635686,44,97.77777777777777,100.0,25.01307136363636,10.397625,10.787273985024518
2024-03-31,Extreme Greed,13,1,1,39912.96,3070.2276923076925,912.786145,13.969522000000001,898.8166229999999,10,76.92307692307693,100.0,91.2786145,24.10425,22.519417828194147
2024-04-01,Extreme Greed,77,2,4,339470.47,4408.7074025974025,2507.963406,83.751362,2424.212044,43,55.84415584415584,97.67441860465115,58.32473037209302,16.20567,7.14115735604337
2024-04-02,Extreme Greed,41,2,3,239664.50999999998,5845.475853658536,883.760812,80.13257399999999,803.628238,12,29.268292682926827,100.0,73.64673433333333,13.365835,3.353138259811601
2024-04-03,Greed,4,2,2,16887.57,4221.8925,126.7884,1.661201,125.12719899999999,1,25.0,100.0,126.7884,126.7884,7.409425926879948
2024-04-04,Greed,32,1,1,95987.73,2999.6165625,0.0,33.595684999999996,-33.595684999999996,0,0.0,,,,-0.3499997864310365
2024-04-05,Extreme Greed,100,3,6,503791.8,5037.918,10706.484306,103.430138,10603.054168,90,90.0,100.0,118.96093673333334,11.044695,21.046500097857887
2024-04-06,Extreme Greed,16,1,1,68223.67,4263.979375,236.33513399999998,23.878277,212.45685699999999,4,25.0,100.0,59.083783499999996,36.5376565,3.1141223713118924
2024-04-07,Extreme Greed,23,1,1,49988.14,2173.397391304348,0.0,17.495845,-17.495845,0,0.0,,,,-0.3499999199810195
2024-04-08,Extreme Greed,30,2,2,211940.64,7064.688,1218.4267,61.790548,1156.636152,1,3.3333333333333335,100.0,1218.4267,1218.4267,5.457358966170905
2024-04-09,Extreme Greed,3,1,1,57063.840000000004,19021.280000000002,0.0,19.972341,-19.972341,0,0.0,,,,-0.34999994742730245
2024-04-10,Extreme Greed,41,1,1,351735.97,8578.926097560974,5207.443414,123.107562,5084.335852,36,87.8048780487805,100.0,144.65120594444446,65.4532385,14.454978408946916
2024-04-11,Extreme Greed,16,1,1,76400.96,4775.06,389.743164,26.740329,363.002835,2,12.5,100.0,194.871582,194.871582,4.751286305826524
2024-04-12,Extreme Greed,129,3,5,442088.59,3427.0433333333335,-592.6458390000001,97.560875,-690.206714,101,78.29457364341084,70.29702970297029,-5.867780584158417,12.4434,-1.5612407323156656
2024-04-13,Greed,89,2,6,486411.25,5465.294943820225,6621.451755,118.999176,6502.452579000001,61,68.53932584269663,100.0,108.5483894262295,48.26106,13.368219955850119
2024-04-14,Greed,107,2,5,659162.17,6160.394112149533,-36104.012520000004,213.477404,-36317.489924,74,69.1588785046729,44.5945945945946,-487.8920610810811,-21.5033,-55.09644147812669
2024-04-15,Greed,41,2,2,291111.19,7100.272926829269,3774.08872,40.650603999999994,3733.438116,35,85.36585365853658,100.0,107.83110628571428,19.70316,12.824783945955495
2024-04-16,Greed,47,2,2,181907.17,3870.3653191489366,2467.702221,18.457685,2449.244536,43,95.74468085106383,100.0,57.38842374418605,18.18027,13.464255070319657
2024-04-17,Greed,14,1,1,97562.99,6968.785000000001,2441.4683999999997,10.620963,2430.8474370000004,13,92.85714285714286,100.0,187.8052615384615,55.0622,24.915671782916863
2024-04-19,Greed,35,1,1,337257.92000000004,9635.940571428573,1946.4454620000001,118.04025999999999,1828.4052020000001,27,77.14285714285715,100.0,72.09057266666667,30.691422,5.421385514089632
2024-04-20,Greed,22,2,2,60733.24,2760.601818181818,0.0,121.289047,-121.289047,0,0.0,,,,-1.997078486179891
2024-04-22,Greed,9,1,1,47993.61,5332.623333333333,0.0,16.797764,-16.797764,0,0.0,,,,-0.35000001041805356
2024-04-23,Greed,66,2,2,233054.9,3531.1348484848486,1119.536196,71.308476,1048.2277199999999,35,53.03030303030303,100.0,31.98674845714286,5.6415,4.4977716409309565
2024-04-24,Greed,20,1,1,141275.24,7063.762,279.185907,49.446315999999996,229.73959100000002,7,35.0,85.71428571428571,39.883700999999995,1.574,1.626184397209306
2024-04-25,Greed,74,2,2,120241.01,1624.8785135135136,0.0,160.159512,-160.159512,0,0.0,,,,-1.331987414277375
2024-04-26,Greed,3,1,1,4988.290000000001,1662.7633333333335,0.0,1.745898,-1.745898,0,100.0,,,,-0.3499992983567515
2024-04-27,Greed,27,1,1,154264.47,5713.498888888889,4281.488139,53.99255,4227.495589,19,70.37037037037037,100.0,225.34148100000002,170.451081,27.4042077803139
2024-04-28,Greed,58,2,2,43985.6,758.3724137931034,0.0,15.394946,-15.394946,0,86.20689655172413,,,,-0.3499996817140155
2024-04-29,Greed,45,2,2,108699.01,2415.5335555555553,526.9338359999999,38.04463,488.889206,17,68.88888888888889,100.0,30.996107999999996,4.258631,4.4976417540509335
2024-04-30,Greed,24,1,1,125018.75,5209.114583333333,0.0,43.75655,-43.75655,0,0.0,,,,-0.34999990001499776
2024-05-01,Neutral,14,1,1,87025.45,6216.103571428571,0.0,30.458908,-30.458908,0,0.0,,,,-0.3500000057454457
2024-05-03,Neutral,36,3,4,282682.64999999997,7852.295833333333,5306.017045,98.910681,5207.106364,19,69.44444444444444,89.47368421052632,279.264055,217.306229,18.420325279956167
2024-05-04,Greed,9,2,2,58998.75,6555.416666666667,0.0,20.649559,-20.649559,0,0.0,,,,-0.34999994067670925
2024-05-05,Greed,6,2,2,24068.350000000002,4011.391666666667,0.916,8.412778,-7.496778,1,16.666666666666664,100.0,0.916,0.916,-0.31147868466263784
2024-05-06,Greed,9,1,1,206016.43,22890.714444444442,968.59038,72.105746,896.484634,4,44.44444444444444,100.0,242.147595,114.89778,4.351520089926808
2024-05-07,Greed,18,3,4,108717.58,6039.865555555556,883.537693,38.039061,845.4986319999999,9,77.77777777777779,100.0,98.17085477777778,114.244335,7.7770185097939075
2024-05-08,Greed,13,2,3,65973.57,5074.89,1.56576,23.076826,-21.511066,2,15.384615384615385,50.0,0.78288,0.78288,-0.32605581295661273
2024-05-09,Greed,28,2,2,221966.12,7927.361428571428,1147.595856,77.688132,1069.9077240000001,11,50.0,100.0,104.32689599999999,28.27656,4.82013977628658
2024-05-10,Greed,22,1,1,156882.0,7131.0,2101.741695,54.90869,2046.833005,6,27.27272727272727,100.0,350.29028250000005,208.60580099999999,13.046958892670924
2024-05-11,Neutral,9,1,1,63248.95,7027.661111111111,251.604742,22.137125,229.46761700000002,9,100.0,100.0,27.956082444444444,6.001646,3.6280067416138926
2024-05-12,Greed,23,2,3,55179.56,2399.111304347826,0.0,19.312829,-19.312829,0,26.08695652173913,,,,-0.34999969191490476
2024-05-13,Greed,28,2,2,193118.9,6897.103571428571,2136.853859,67.591599,2069.26226,10,46.42857142857143,100.0,213.68538589999997,78.1262265,10.714965029316136
2024-05-14,Greed,23,1,1,145853.4,6341.452173913043,1150.5233050000002,51.048685,1099.4746200000002,4,17.391304347826086,100.0,287.63082625000004,165.48699000000002,7.5382172784453445
2024-05-15,Greed,36,1,1,234922.57,6525.626944444444,948.970582,82.222887,866.747695,17,47.22222222222222,100.0,55.821798941176475,34.209,3.6895037160541877
2024-05-16,Greed,27,2,2,162620.96,6022.998518518518,214.5898,56.91732,157.67248,5,29.629629629629626,100.0,42.91796,61.492384,0.9695704661932879
2024-05-18,Greed,25,1,1,126303.14,5052.1256,3522.3946610000003,44.206092,3478.188569,16,64.0,100.0,220.14966631250002,66.5377775,27.53841724758387
2024-05-19,Greed,8,1,1,29998.09,3749.76125,0.0,10.499327000000001,-10.499327000000001,0,0.0,,,,-0.3499998499904494
2024-05-20,Greed,10,2,2,38124.75,3812.475,-74.818442,13.343662,-88.162104,3,30.0,0.0,-24.939480666666668,-14.527275,-2.3124637932052012
2024-05-21,Extreme Greed,125,2,3,1100948.59,8807.588720000002,7289.397571999999,385.331944,6904.065627999999,25,20.0,56.00000000000001,291.57590287999994,5.610448,6.271015459495705
2024-05-22,Extreme Greed,6,1,1,44995.29,7499.215,0.0,15.748349000000001,-15.748349000000001,0,0.0,,,,-0.3499999444386291
2024-05-23,Extreme Greed,325,3,7,401850.6,1236.4633846153845,413.347329,113.43007899999999,299.91725,156,47.69230769230769,92.94871794871796,2.649662365384615,1.924407,0.7463401821472957
2024-05-24,Greed,2,1,1,50811.899999999994,25405.949999999997,821.949278,17.784165,804.165113,2,100.0,100.0,410.974639,410.974639,15.826314564108015
2024-05-25,Extreme Greed,16,2,2,29991.129999999997,1874.4456249999998,14.126038999999999,10.246887000000001,3.879151999999998,5,31.25,100.0,2.8252078,2.84427,0.12934330917174505
2024-05-26,Extreme Greed,16,2,4,53976.67,3373.541875,778.6839,18.768190999999998,759.915709,4,25.0,100.0,194.670975,20.125114999999997,14.078595604360181
2024-05-27,Greed,251,1,5,151115.72,602.0546613545816,1129.35587,45.832466,1083.523404,93,37.05179282868526,96.7741935483871,12.143611505376345,8.162477,7.170156777865334
2024-05-29,Greed,164,2,15,84268.76,513.8339024390243,277.791953,36.876599,240.915354,71,43.292682926829265,95.77464788732394,3.912562718309859,2.020662,2.85889283288374
2024-05-30,Greed,7,1,5,2838.09,405.4414285714286,20.951433,0.993326,19.958107,5,71.42857142857143,100.0,4.1902866,2.57278,7.032231888347444
2024-05-31,Greed,13,1,3,3636.14,279.70307692307694,25.35812,1.272646,24.085473999999998,4,30.76923076923077,100.0,6.33953,5.32155,6.623912720632319
2024-06-01,Greed,25,1,3,12834.62,513.3848,91.510419,4.492106,87.018313,9,36.0,100.0,10.167824333333334,10.477181,6.779968008402275
2024-06-02,Greed,93,1,2,29464.51,316.822688172043,192.906947,7.792912,185.114035,34,36.55913978494624,100.0,5.6737337352941175,4.36428,6.28261033358437
2024-06-03,Greed,70,1,2,21466.86,306.66942857142857,562.808208,5.378086,557.430122,44,62.857142857142854,100.0,12.791095636363638,7.4429669999999994,25.967007843718175
2024-06-04,Greed,53,1,4,24243.41,457.42283018867926,52.211438,7.432953,44.778485,25,47.16981132075472,100.0,2.08845752,1.06284,1.8470374010916784
2024-06-05,Extreme Greed,54,1,3,25350.77,469.4587037037037,56.055506,7.1040600000000005,48.951446000000004,17,31.48148148148148,94.11764705882352,3.297382705882353,2.58765,1.9309648582666328
2024-06-06,Extreme Greed,234,1,5,137557.76,587.8536752136753,274.173187,37.079424,237.093763,102,43.58974358974359,98.0392156862745,2.6879724215686274,1.493881,1.7235942414299272
2024-06-07,Extreme Greed,440,3,6,1098588.76,2496.7926363636366,8902.467416,372.962664,8529.504751999999,178,40.45454545454545,98.87640449438202,50.013861887640445,4.0189924999999995,7.764056089559845
2024-06-08,Greed,29,2,4,97351.88,3356.961379310345,129.13883900000002,34.073137,95.065702,8,27.586206896551722,100.0,16.142354875000002,6.989605000000001,0.9765163446252912
2024-06-09,Extreme Greed,17,2,2,22410.22,1318.2482352941176,0.0,7.515775,-7.515775,0,0.0,,,,-0.3353726558686171
2024-06-10,Greed,53,2,3,46587.93,879.0175471698113,31.266804999999998,14.696328000000001,16.570477,18,33.9622641509434,100.0,1.737044722222222,0.58282,0.35568176134891594
2024-06-11,Greed,123,3,7,373279.92,3034.7960975609753,4320.631811,129.928213,4190.703598,17,13.821138211382115,100.0,254.1548124117647,9.3208,11.226705143957382
2024-06-12,Greed,254,2,3,193407.96,761.4486614173228,-21886.531493,63.921417,-21950.45291,78,30.708661417322837,26.923076923076923,-280.5965576025641,-168.24957,-113.49301709195424
2024-06-13,Greed,79,2,4,132577.22,1678.1926582278481,6632.757115,33.39975,6599.357365,20,25.31645569620253,95.0,331.63785575,293.6439335,49.77746075079866
2024-06-14,Greed,31,2,2,139868.66,4511.892258064517,10258.592609,38.954076,10219.638533,15,48.38709677419355,100.0,683.9061739333333,125.93931,73.06596440546438
2024-06-15,Greed,78,2,2,718350.25,9209.61858974359,3369.958346,251.422549,3118.535797,38,48.717948717948715,100.0,88.68311436842104,68.41421,4.341246901494084
2024-06-16,Greed,11,1,1,25235.079999999998,2294.0981818181817,0.0,8.832277,-8.832277,0,0.0,,,,-0.34999996037262415
2024-06-17,Greed,38,2,2,368380.12,9694.213684210526,10599.502375,128.93302500000001,10470.56935,26,68.42105263157895,96.15384615384616,407.67316826923076,346.53787650000004,28.42327471417296
2024-06-18,Greed,25,2,2,263314.79,10532.5916,282.57636,67.160258,215.416102,4,16.0,100.0,70.64409,61.804643999999996,0.8180934386556866
2024-06-19,Greed,61,3,5,417071.12,6837.231475409836,4887.656944,138.851743,4748.805201,31,88.52459016393442,100.0,157.6663530322581,54.054126,11.386080151030356
2024-06-20,Greed,39,3,4,207990.8,5333.097435897435,57478.456026,13.46905,57464.986976,8,79.48717948717949,100.0,7184.80700325,5237.9855575,276.28619619713953
2024-06-21,Greed,80,2,3,176264.49,2203.306125,773.5582039999999,61.277099,712.281105,3,3.75,100.0,257.85273466666666,186.44,4.040979013980638
2024-06-22,Neutral,24,2,2,169594.27000000002,7066.427916666667,756.876565,40.533382,716.343183,8,83.33333333333334,100.0,94.609570625,62.88288300000001,4.223864302726737
2024-06-23,Greed,5,1,1,1792.12,358.424,0.0,0.17921199999999998,-0.17921199999999998,0,100.0,,,,-0.09999999999999999
2024-06-24,Neutral,31,2,2,403002.8,13000.090322580645,0.0,103.551001,-103.551001,0,19.35483870967742,,,,-0.25694858943908083
2024-06-25,Fear,49,1,2,103099.08,2104.062857142857,4869.353105,36.084651,4833.268454,11,65.3061224489796,100.0,442.6684640909091,376.6594,46.87984077064509
2024-06-26,Neutral,72,2,2,365190.66000000003,5072.092500000001,4197.732182,127.5543,4070.177882,21,29.166666666666668,100.0,199.89200866666664,132.40224,11.1453504369471
2024-06-27,Fear,30,2,3,130486.95,4349.565,0.0,45.556012,-45.556012,0,0.0,,,,-0.3491231268720742
2024-06-29,Fear,75,2,5,280095.11,3734.6014666666665,6150.326145,460.295231,5690.030914,24,84.0,100.0,256.263589375,181.8474765,20.314638531176072
2024-06-30,Neutral,14,2,4,30520.69,2180.049285714286,0.0,17.057669,-17.057669,0,64.28571428571429,,,,-0.558888707955161
2024-07-01,Neutral,64,2,5,362670.14999999997,5666.721093749999,5065.839308,425.323025,4640.516283,26,64.0625,100.0,194.83997338461538,43.9203485,12.795418324336868
2024-07-02,Neutral,18,1,2,33347.47,1852.6372222222224,2421.253116,11.458730000000001,2409.794386,13,72.22222222222221,100.0,186.25023969230767,18.13787,72.26318476334187
2024-07-03,Neutral,18,2,2,179600.66,9977.814444444444,1118.387284,62.628682,1055.7586019999999,4,22.22222222222222,100.0,279.596821,294.140185,5.878367050544246
2024-07-04,Fear,25,2,2,430568.01,17222.720400000002,0.0,113.02464499999999,-113.02464499999999,0,0.0,,,,-0.2625012596732395
2024-07-05,Fear,32,2,3,272289.89,8509.0590625,0.0,95.130717,-95.130717,0,0.0,,,,-0.3493729311800743
2024-07-06,Fear,24,1,3,2490.17,103.75708333333334,108.87217799999999,344.35416,-235.481982,7,29.166666666666668,100.0,15.553168285714284,13.218986,-94.56462088933687
2024-07-07,Fear,10,1,1,498.75,49.875,61.428942,0.049875,61.379067,10,100.0,100.0,6.1428942,4.9143155,123.06579849624059
2024-07-08,Fear,1,1,1,497.64,497.64,0.0,0.0156,-0.0156,0,0.0,,,,-0.031347962382445145
2024-07-09,Fear,15,1,1,2736.45,182.42999999999998,648.984412,0.39756800000000003,648.586844,15,100.0,100.0,43.265627466666665,37.164306,237.01761186939285
2024-07-10,Fear,56,2,3,687900.21,12283.93232142857,11977.734907,240.76504,11736.969867,38,67.85714285714286,100.0,315.20355018421054,191.16024099999998,17.0620239627489
2024-07-11,Fear,19,1,1,169887.02,8941.422105263156,1876.812082,59.460443,1817.351639,9,47.368421052631575,100.0,208.53467577777778,196.188219,10.697413133740294
2024-07-12,Fear,19,2,2,89582.97,4714.893157894737,1412.314654,31.354029,1380.9606250000002,9,47.368421052631575,100.0,156.92385044444444,157.630656,15.415436940748897
2024-07-13,Fear,17,2,2,139189.19,8187.599411764706,2913.617837,48.71621,2864.9016269999997,17,100.0,100.0,171.38928452941175,105.890838,20.582788268255598
2024-07-14,Fear,7,1,1,84001.13,12000.16142857143,0.0,29.400389,-29.400389,0,0.0,,,,-0.34999992262008855
2024-07-15,Neutral,26,2,2,198344.85,7628.6480769230775,-1.0,68.995769,-69.995769,2,7.6923076923076925,0.0,-0.5,-0.5,-0.3528993518107477
2024-07-16,Greed,22,1,1,144000.57,6545.480454545454,0.0,50.400180999999996,-50.400180999999996,0,0.0,,,,-0.34999987152828627
2024-07-17,Greed,351,3,3,626005.53,1783.4915384615385,1859.269477,206.601913,1652.667564,155,44.15954415954416,93.54838709677419,11.995286948387097,6.266881,2.6400207103601785
2024-07-18,Greed,60,2,2,649704.85,10828.414166666666,3803.884311,227.396664,3576.487647,48,80.0,100.0,79.2475898125,74.2411455,5.504788285018959
2024-07-19,Greed,23,2,3,150269.42,6533.453043478262,2155.891114,52.594288,2103.296826,12,52.17391304347826,100.0,179.65759283333333,86.273404,13.996838651536683
2024-07-20,Greed,266,2,5,244362.21,918.65492481203,2299.169566,80.758418,2218.411148,36,13.533834586466165,91.66666666666666,63.865821277777776,5.2045215,9.078372421005689
2024-07-21,Greed,448,2,4,234307.46,523.0077232142856,-2960.716887,64.72334,-3025.440227,236,52.67857142857143,8.898305084745763,-12.545410538135593,-9.41215,-12.912265904807299
2024-07-22,Greed,154,2,3,304213.8,1975.4142857142856,1517.119876,97.459536,1419.66034,106,68.83116883116884,20.754716981132077,14.312451660377357,-8.485113,4.666653320789523
2024-07-23,Greed,370,3,3,358526.54,968.9906486486486,89890.302206,59.243126000000004,89831.05908,364,98.37837837837839,90.38461538461539,246.95137968681317,42.307892,250.55623240611425
2024-07-24,Greed,90,5,27,69207.93,768.977,625.561479,55.067279,570.4942,18,50.0,100.0,34.753415499999996,31.955285,8.243191206556821
2024-07-25,Greed,78,3,4,528555.31,6776.350128205129,916.7382600000001,224.185916,692.5523440000001,10,14.102564102564102,100.0,91.673826,63.402149,1.31027412060244
2024-07-26,Greed,152,4,4,548587.65,3609.1292763157894,2766.513113,206.567015,2559.946098,61,40.78947368421053,100.0,45.35267398360656,16.828758,4.66643042000672
2024-07-27,Greed,57,2,3,905199.75,15880.697368421053,6400.623656,316.819894,6083.803762,42,75.43859649122807,100.0,152.39580133333334,94.386524,6.720951659564642
2024-07-28,Greed,16,2,2,43254.68,2703.4175,587.29903,15.139122,572.159908,12,75.0,100.0,48.941585833333335,40.61945,13.227699476680904
2024-07-29,Greed,39,2,2,327199.14,8389.72153846154,330.80445399999996,114.519684,216.28477,16,41.02564102564102,100.0,20.675278374999998,14.9048315,0.6610187606238818
2024-07-30,Greed,6,1,1,36006.47,6001.078333333334,0.0,12.602264,-12.602264,0,0.0,,,,-0.3499999861136068
2024-07-31,Greed,43,2,4,84506.54,1965.2683720930231,765.690884,29.577267000000003,736.113617,14,32.55813953488372,100.0,54.692206,30.208306,8.710729571936088
2024-08-01,Neutral,57,4,6,227774.53,3996.044385964912,167.080017,108.095036,58.98498099999998,7,14.035087719298245,57.14285714285714,23.868573857142856,0.5508,0.2589621455919588
2024-08-02,Greed,63,3,5,396320.37,6290.799523809524,782.3681909999999,145.520462,636.847729,17,28.57142857142857,100.0,46.02165829411764,9.276084,1.6069013283369713
2024-08-03,Fear,37,5,4,290532.86,7852.239459459459,464.1897,108.653106,355.53659400000004,1,5.405405405405405,100.0,464.1897,464.1897,1.223739696776468
2024-08-04,Fear,127,5,5,1207744.07,9509.795826771655,-122672.000883,445.902235,-123117.903118,65,52.75590551181102,4.615384615384616,-1887.2615520461538,-139.571036,-101.94039132645047
2024-08-05,Fear,80,4,6,420495.4,5256.1925,-13013.665169,202.719158,-13216.384327,38,47.5,86.8421052631579,-342.464872868421,1.560243,-31.430508697598114
2024-08-06,Extreme Fear,107,2,16,61478.38,574.5642990654205,267.318048,62.621279,204.696769,26,28.971962616822427,50.0,10.281463384615384,0.5659705,3.3295732418453445
2024-08-07,Fear,33,3,14,2492.77,75.53848484848484,188.789255,3.7522038,185.0370512,10,63.63636363636363,100.0,18.8789255,19.1838775,74.22949217135957
2024-08-08,Extreme Fear,9,2,4,16299.35,1811.038888888889,-40.712216999999995,6.647995,-47.360212,3,44.44444444444444,0.0,-13.570738999999998,-6.007082,-2.9056503480200124
2024-08-09,Neutral,144,5,8,503204.86,3494.4781944444444,18082.071276,185.25438068,17896.81689532,58,40.97222222222222,74.13793103448276,311.7598495862069,4.0260735,35.56566781831162
2024-08-10,Fear,88,2,4,11339.29,128.8555681818182,0.0,50.0831879,-50.0831879,0,1.1363636363636365,,,,-4.416783405310209
2024-08-11,Fear,24,2,2,44230.21,1842.9254166666667,847.7766200000001,40.931287,806.845333,4,16.666666666666664,100.0,211.94415500000002,239.538045,18.24195121388752
2024-08-12,Fear,48,3,5,54167.32,1128.4858333333334,858.6705000000001,36.071895,822.598605,6,14.583333333333334,100.0,143.11175,110.3195,15.186252615045381
2024-08-13,Fear,23,3,5,20797.87,904.2552173913043,212.08102,17.932876999999998,194.148143,8,47.82608695652174,100.0,26.5101275,15.030929,9.335001276573035
2024-08-14,Fear,25,3,3,66710.03,2668.4012,2168.9015130000003,46.493106,2122.4084070000004,5,24.0,100.0,433.7803026,169.581973,31.815431757413393
2024-08-15,Fear,12,1,1,1522.3700000000001,126.86416666666668,0.0,16.50261,-16.50261,0,0.0,,,,-10.840078298968056
2024-08-16,Fear,35,2,4,166382.84,4753.795428571429,825.230544,81.187942,744.042602,3,8.571428571428571,100.0,275.076848,282.51,4.471871029488377
2024-08-17,Fear,30,2,2,30248.96,1008.2986666666667,-288.283113,17.096539,-305.379652,1,3.3333333333333335,0.0,-288.283113,-288.283113,-10.095542193847326
2024-08-18,Fear,15,2,2,62804.48,4186.965333333334,307.201888,21.981557000000002,285.220331,12,86.66666666666667,100.0,25.600157333333332,14.8598,4.541401043365059
2024-08-19,Fear,8,1,1,100315.03,12539.37875,339.69958299999996,35.110258,304.58932500000003,5,62.5,100.0,67.93991659999999,45.870421,3.0363279061971076
2024-08-20,Fear,12,2,3,49914.8,4159.566666666667,192.602844,17.470174,175.13267000000002,1,8.333333333333332,100.0,192.602844,192.602844,3.5086321091139303
2024-08-21,Fear,145,2,6,104990.41,724.0717931034483,656.200925,36.746583,619.454342,54,37.24137931034483,100.0,12.151868981481481,3.362942,5.9001040380735725
2024-08-23,Fear,10,1,1,63509.56,6350.956,1005.30527,22.228341999999998,983.076928,3,30.0,100.0,335.10175666666663,77.27873,15.479196013954434
2024-08-24,Greed,7,2,2,34999.67,4999.952857142857,0.0,12.249882,-12.249882,0,0.0,,,,-0.3499999285707551
2024-08-25,Neutral,17,2,3,21950.28,1291.1929411764704,0.0,26.303603,-26.303603,0,0.0,,,,-1.1983265361535251
2024-08-26,Greed,6,2,2,92611.27,15435.211666666668,231.236918,32.302932,198.933986,2,33.33333333333333,100.0,115.618459,115.618459,2.1480537519893637
2024-08-27,Neutral,50,2,4,70250.16,1405.0032,0.0,52.053552,-52.053552,0,2.0,,,,-0.7409741415535566
2024-08-28,Fear,9,2,2,71160.06999999999,7906.674444444444,1333.359645,24.906026,1308.453619,2,22.22222222222222,100.0,666.6798225,666.6798225,18.387469531719123
2024-08-29,Fear,1,1,1,9995.85,9995.85,0.0,3.498547,-3.498547,0,0.0,,,,-0.34999994997924133
2024-08-30,Fear,6,4,4,37233.24,6205.54,256.464,13.031175999999999,243.432824,1,50.0,100.0,256.464,256.464,6.538051053306132
2024-08-31,Fear,34,3,5,107507.43000000001,3161.983235294118,10.882801,39.955315,-29.072513999999998,13,41.17647058823529,92.3076923076923,0.8371385384615385,0.30186,-0.2704233000454015
2024-09-01,Fear,12,1,4,12359.68,1029.9733333333334,137.433093,4.325861,133.107232,5,50.0,100.0,27.486618600000003,17.0533,10.769472348798674
2024-09-02,Fear,2,1,1,30000.42,15000.21,0.0,10.500148,-10.500148,0,0.0,,,,-0.35000003333286667
2024-09-04,Fear,34,2,4,131480.97,3867.0873529411765,1065.785132,63.570226999999996,1002.214905,8,23.52941176470588,62.5,133.2231415,221.000725,7.622509211789357
2024-09-05,Fear,1,1,1,0.84,0.84,0.0,0.0,0.0,0,100.0,,,,0.0
2024-09-06,Extreme Fear,42,2,2,39047.1,929.6928571428571,-1104.856765,13.666476,-1118.523241,38,90.47619047619048,0.0,-29.07517802631579,-25.125781,-28.645488166854904
2024-09-08,Fear,1,1,1,0.11,0.11,0.0,0.0,0.0,0,100.0,,,,0.0
2024-09-09,Fear,2,1,1,4014.4300000000003,2007.2150000000001,0.0,34.9079,-34.9079,0,0.0,,,,-8.695605602787941
2024-09-10,Fear,3,2,2,2547.28,849.0933333333334,-219.729659,7.2904,-227.020059,2,66.66666666666666,0.0,-109.8648295,-109.8648295,-89.12253815834929
2024-09-11,Fear,1,1,1,0.54,0.54,0.0,0.0,0.0,0,100.0,,,,0.0
2024-09-14,Neutral,11,2,2,1014.8000000000001,92.25454545454546,0.0,30.381330000000002,-30.381330000000002,0,9.090909090909092,,,,-29.938243988963343
2024-09-18,Neutral,145,1,2,13633.5,94.02413793103449,-878.684794,31.732943,-910.417737,134,92.41379310344827,0.0,-6.557349208955224,-6.405781,-66.77799075805919
2024-09-19,Neutral,19,1,2,1521.8700000000001,80.09842105263158,0.0,28.60766,-28.60766,0,0.0,,,,-18.79770282612838
2024-09-20,Neutral,16,2,3,332873.38,20804.58625,9585.03428,109.317031,9475.717249,9,56.25,88.88888888888889,1065.003808888889,201.15,28.46643143708277
2024-09-21,Neutral,23,1,1,165648.12,7202.092173913044,36165.56933,57.976841,36107.592489,23,100.0,100.0,1572.416057826087,1147.561968,217.97767755529011
2024-09-22,Neutral,3,1,1,19999.739999999998,6666.579999999999,0.0,6.999907,-6.999907,0,0.0,,,,-0.34999989999870007
2024-09-23,Neutral,2,1,1,40334.29,20167.145,334.760796,14.117002000000001,320.643794,1,50.0,100.0,334.760796,334.760796,7.949657574237701
2024-09-24,Neutral,10,2,3,7118.63,711.863,0.0,12.966142,-12.966142,0,0.0,,,,-1.8214378328414313
2024-09-25,Greed,9,2,2,52754.130000000005,5861.570000000001,0.0,17.764677,-17.764677,0,0.0,,,,-0.33674476292187927
2024-09-26,Neutral,8,2,2,113711.93000000001,14213.991250000001,439.812513,31.348204,408.464309,2,25.0,100.0,219.9062565,219.9062565,3.5920972320142663
2024-09-27,Greed,56,2,2,126097.04,2251.732857142857,0.0,37.503311,-37.503311,0,0.0,,,,-0.2974162676617944
2024-09-28,Greed,4,1,1,29199.21,7299.8025,0.0,2.8031200000000003,-2.8031200000000003,0,0.0,,,,-0.0959998575303921
2024-09-30,Greed,106,2,2,214669.85,2025.1872641509435,2710.626288,65.637576,2644.988712,5,4.716981132075472,100.0,542.1252575999999,395.724488,12.32119327423017
2024-10-01,Neutral,4,1,1,139954.32,34988.58,0.0,48.98401,-48.98401,0,0.0,,,,-0.34999998570962293
2024-10-02,Fear,4,1,1,99954.34,24988.585,0.0,34.984016999999994,-34.984016999999994,0,0.0,,,,-0.3499999799908638
2024-10-03,Fear,9,2,2,132935.69,14770.632222222222,100.375782,46.527491000000005,53.848290999999996,3,33.33333333333333,100.0,33.458594,44.790655,0.4050702335843745
2024-10-04,Fear,1,1,1,0.34,0.34,0.0,0.0,0.0,0,100.0,,,,0.0
2024-10-05,Neutral,37,2,2,605605.74,16367.722702702702,5767.161892,211.961771,5555.200121,24,67.56756756756756,100.0,240.29841216666668,154.41846,9.172964775730165
2024-10-06,Neutral,22,1,1,300130.56,13642.298181818182,130.487079,105.045693,25.441386,5,22.727272727272727,100.0,26.0974158,15.234251,0.08476772908430252
2024-10-07,Neutral,21,1,1,219984.65,10475.459523809524,0.0,76.994616,-76.994616,0,0.0,,,,-0.34999994772362525
2024-10-08,Neutral,36,2,2,434584.13,12071.781388888889,5396.546638,152.10422,5244.4424180000005,33,97.22222222222221,100.0,163.5317163030303,32.808,12.067726490610692
2024-10-09,Neutral,14,1,1,220399.93,15742.852142857142,396.06272,77.139967,318.922753,3,21.428571428571427,100.0,132.02090666666666,130.277376,1.447018395151033
2024-10-10,Fear,16,1,1,300024.33999999997,18751.521249999998,0.0,105.00851,-105.00851,0,0.0,,,,-0.3499999700024338
2024-10-11,Fear,26,2,2,488904.19,18804.007307692307,8885.327477,171.116194,8714.211283,18,73.07692307692307,100.0,493.6293042777778,494.70394999999996,17.82396522926097
2024-10-12,Neutral,10,1,1,159713.4,15971.34,541.55471,55.899685,485.65502499999997,7,70.0,100.0,77.36495857142857,89.495,3.040790722631914
2024-10-13,Neutral,10,1,1,60002.42,6000.242,0.0,21.000841,-21.000841,0,0.0,,,,-0.3499999000040332
2024-10-14,Neutral,5,1,1,61916.020000000004,12383.204000000002,1913.61958,21.670604,1891.948976,5,100.0,100.0,382.72391600000003,43.747165,30.556695601558364
2024-10-15,Greed,7,1,1,81173.36,11596.194285714286,1170.2260760000001,28.410673,1141.815403,4,57.14285714285714,100.0,292.55651900000004,110.92728849999999,14.066380928422824
2024-10-16,Greed,11,1,1,80229.17,7293.560909090909,219.480876,28.080204000000002,191.400672,3,27.27272727272727,100.0,73.160292,60.458076,2.385674337650508
2024-10-17,Greed,9,2,1,140531.75,15614.638888888889,36.11496,49.186107,-13.071147000000003,2,22.22222222222222,50.0,18.05748,18.05748,-0.09301205599446391
2024-10-18,Greed,6,1,1,120331.43000000001,20055.238333333335,333.219141,42.115998,291.103143,5,83.33333333333334,100.0,66.6438282,63.69408,2.419177957080706
2024-10-19,Greed,4,1,1,99996.86,24999.215,0.0,34.998901000000004,-34.998901000000004,0,0.0,,,,-0.35000000000000003
2024-10-20,Greed,96,2,4,176447.86000000002,1837.9985416666668,389.155797,59.257459,329.898338,11,11.458333333333332,100.0,35.37779972727273,39.266829,1.869664715684282
2024-10-21,Greed,173,2,2,324117.99,1873.5143930635838,2464.915564,109.858043,2355.057521,68,39.30635838150289,100.0,36.24875829411764,9.1369855,7.266049999261073
2024-10-22,Greed,3,1,1,60000.36,20000.12,0.0,21.000124,-21.000124,0,0.0,,,,-0.34999996666686667
2024-10-23,Greed,18,1,2,210006.07,11667.003888888888,-46.489941,73.502111,-119.992052,3,16.666666666666664,0.0,-15.496647000000001,-18.782298,-0.5713742083740723
2024-10-25,Greed,30,2,2,427883.18,14262.772666666666,13235.862071,143.841914,13092.020156999999,21,70.0,100.0,630.2791462380952,185.550708,30.597183457877453
2024-10-27,Greed,4,1,1,90664.41,22666.1025,666.6623079999999,31.73254,634.929768,3,75.0,100.0,222.22076933333332,54.482636,7.003076157447007
2024-10-28,Greed,13,2,2,121495.25,9345.788461538461,167.28016200000002,42.27334,125.00682200000003,4,30.76923076923077,100.0,41.820040500000005,2.6197325,1.0289029571114923
2024-10-29,Greed,53,2,7,613267.8099999999,11571.09075471698,801.170876,214.643714,586.527162,3,5.660377358490567,100.0,267.0569586666667,37.972378,0.9563964591586831
2024-10-30,Extreme Greed,25,1,4,11830.85,473.23400000000004,9.150023,3.596988,5.5530349999999995,8,32.0,87.5,1.143752875,0.509814,0.4693690647755655
2024-10-31,Extreme Greed,48,3,7,896173.36,18670.278333333332,1214.043811,312.710928,901.332883,37,77.08333333333334,91.8918918918919,32.81199489189189,27.491465,1.005757282274046
2024-11-01,Extreme Greed,23,2,2,260981.03,11347.001304347827,1040.475736,90.654875,949.820861,10,43.47826086956522,60.0,104.0475736,1.243425,3.6394249076264282
2024-11-02,Greed,2,1,1,40000.0,20000.0,0.0,13.999997,-13.999997,0,0.0,,,,-0.34999992500000005
2024-11-03,Greed,6,2,2,129055.66,21509.27666666667,0.0,40.404152,-40.404152,0,0.0,,,,-0.3130753970806085
2024-11-04,Greed,36,2,2,451811.97,12550.332499999999,2799.410474,158.13418000000001,2641.2762940000002,23,63.888888888888886,100.0,121.71349886956521,69.019728,5.845963518850553
2024-11-05,Greed,10,1,1,200627.23,20062.723,678.4759280000001,70.219524,608.256404,5,50.0,100.0,135.6951856,137.79,3.0317739222138487
2024-11-06,Greed,15,2,2,123906.9,8260.46,2817.83723,43.36741,2774.46982,9,60.0,77.77777777777779,313.0930255555556,148.999167,22.391568346879794
2024-11-07,Extreme Greed,113,3,5,111335.3,985.2681415929204,4493.353136,26.17844238,4467.17469362,60,53.09734513274337,100.0,74.88921893333332,45.637126,40.1236148249477
2024-11-08,Extreme Greed,39,2,2,270700.44,6941.036923076923,-64.41354100000007,93.87825699999999,-158.29179800000006,16,41.02564102564102,37.5,-4.025846312500004,-23.969238,-0.5847489497985302
2024-11-09,Extreme Greed,86,2,4,193384.41,2248.655930232558,102.90894,66.18450299999999,36.724437,44,51.162790697674424,43.18181818181818,2.3388395454545456,-0.001415,0.1899038138596591
2024-11-10,Extreme Greed,173,3,10,413636.7,2390.963583815029,991.114334,142.313546,848.800788,51,29.47976878612717,100.0,19.433614392156862,5.586778,2.0520441924036237
2024-11-11,Extreme Greed,373,4,13,1570572.42,4210.649919571046,6749.630996,396.91055,6352.720446,96,25.737265415549597,95.83333333333334,70.30865620833333,26.146327,4.044844010440474
2024-11-12,Extreme Greed,171,4,5,1226354.52,7171.663859649123,3494.399394,427.904853,3066.494541,42,24.561403508771928,80.95238095238095,83.19998557142857,19.730448,2.5004959748507307
2024-11-13,Extreme Greed,48,5,5,515336.37,10736.174375,7846.402274,179.184068,7667.2182060000005,32,66.66666666666666,84.375,245.2000710625,28.592635,14.878084785671154
2024-11-14,Extreme Greed,110,2,3,1008361.81,9166.925545454545,4563.509225,335.028802,4228.480423,28,25.454545454545453,100.0,162.98247232142856,146.6707225,4.193415876192296
2024-11-15,Extreme Greed,149,4,4,1427858.42,9582.942416107382,4140.740438,466.427513,3674.312925,55,36.91275167785235,100.0,75.28618978181818,41.325592,2.573303398666095
2024-11-16,Extreme Greed,157,4,12,303296.07,1931.822101910828,2769.521909,100.171303,2669.350606,58,36.94267515923567,82.75862068965517,47.75037774137931,20.204912999999998,8.801138128825738
2024-11-17,Extreme Greed,209,4,15,1215987.57,5818.122344497608,882.975285,271.111689,611.863596,62,28.708133971291865,79.03225806451613,14.24153685483871,1.388512,0.503182442892899
2024-11-18,Extreme Greed,346,7,23,2084339.58,6024.102832369942,4470.815187,445.104339,4025.710848,156,44.797687861271676,79.48717948717949,28.659071711538463,2.9583500000000003,1.9314083399020805
2024-11-19,Extreme Greed,305,5,23,628031.15,2059.118524590164,2958.268991,201.486933,2756.782058,167,54.42622950819672,89.82035928143712,17.714185574850298,1.800454,4.389562616440283
2024-11-20,Extreme Greed,550,5,20,1999514.1199999999,3635.480218181818,4210.0928969999995,644.057369,3566.035528,299,54.36363636363636,73.24414715719062,14.080578250836119,2.555351,1.7834510355945874
2024-11-21,Extreme Greed,535,5,12,598300.62,1118.3189158878504,1692.430891,198.628267,1493.802624,255,47.47663551401869,64.70588235294117,6.63698388627451,0.989016,2.496742563963915
2024-11-22,Extreme Greed,679,6,15,1646713.62,2425.2041531664213,-18105.345617,436.439059,-18541.784676,352,51.840942562592055,59.375,-51.43564095738636,0.37242,-11.25987205717045
2024-11-23,Extreme Greed,363,4,16,516245.68,1422.1644077134986,2901.531638,154.621867,2746.909771,149,41.04683195592286,85.90604026845638,19.473366697986577,4.975906,5.320935123369943
2024-11-24,Extreme Greed,172,3,16,664952.28,3866.001627906977,945.550386,202.583126,742.96726,61,35.46511627906977,75.40983606557377,15.500826,2.00665,1.117324178510975
2024-11-25,Extreme Greed,255,2,14,937410.87,3676.1210588235294,5523.740734,283.779701,5239.961033,149,58.43137254901961,70.46979865771812,37.07208546308725,1.47934,5.589823204205003
2024-11-26,Extreme Greed,302,4,16,1146902.44,3797.6901986754965,1094.809359,311.298478,783.510881,128,42.384105960264904,68.75,8.5531981171875,1.559266,0.6831539054010558
2024-11-27,Extreme Greed,213,2,12,1444242.53,6780.481361502348,-2654.495633,439.714536,-3094.210169,130,61.03286384976526,56.92307692307692,-20.419197176923078,0.532264,-2.142444987408036
2024-11-28,Extreme Greed,332,5,16,1894225.15,5705.497439759036,-127075.39958499999,315.582009,-127390.981594,228,68.67469879518072,47.80701754385965,-557.3482437938596,-0.22265800000000002,-67.25229130972102
2024-11-29,Extreme Greed,393,11,25,794262.91,2021.0252162849874,176844.994152,192.45173557,176652.54241643,209,53.68956743002544,91.86602870813397,846.1482973779904,49.135291,222.4106655268971
2024-11-30,Extreme Greed,373,8,25,1732193.7,4643.950938337802,37316.69352,552.3753395,36764.3181805,173,48.257372654155496,90.7514450867052,215.7034307514451,44.441362,21.224138028270165
2024-12-01,Extreme Greed,416,9,30,814711.82,1958.441875,40886.364494,245.38375138,40640.98074262,232,56.00961538461539,95.25862068965517,176.23432971551725,16.9628125,49.88387273259396
2024-12-02,Extreme Greed,270,8,27,585243.56,2167.568740740741,18489.604313,147.88781359,18341.71649941,112,42.22222222222222,98.21428571428571,165.08575279464284,6.9810015,31.340313252502938
2024-12-03,Extreme Greed,374,8,20,1084666.53,2900.177887700535,23576.539285,330.57309170999997,23245.966193289998,177,47.32620320855615,90.96045197740112,133.20078692090394,40.532431,21.431440493780144
2024-12-04,Extreme Greed,319,7,28,769287.65,2411.5600313479626,292891.815021,172.60641765,292719.20860335,166,52.35109717868338,89.1566265060241,1764.4085242228914,37.483485,380.50683460647
2024-12-05,Extreme Greed,456,8,26,1256750.79,2756.0324342105264,71574.11848800001,352.76572323,71221.35276477,205,44.95614035087719,94.14634146341463,349.14204140487806,13.889085,56.67102287221955
2024-12-06,Greed,403,10,30,3471019.22,8612.950918114144,-92624.643895,691.99378587,-93316.63768087,137,33.99503722084367,68.61313868613139,-676.0922912043795,4.49952,-26.884506182846774
2024-12-07,Extreme Greed,304,6,30,451733.42,1485.965197368421,85906.279067,108.4520379,85797.8270291,142,47.03947368421053,92.25352112676056,604.9737962464789,9.589302499999999,189.93021820059272
2024-12-08,Extreme Greed,420,6,31,932939.72,2221.2850476190474,15965.933436,234.17888346,15731.75455254,156,37.142857142857146,97.43589743589743,102.34572715384616,3.8852399999999996,16.862562730783935
2024-12-09,Extreme Greed,539,10,29,983949.68,1825.5096103896105,6310.967676,174.77343643,6136.19423957,178,33.209647495361786,96.62921348314607,35.45487458426967,2.4334379999999998,6.236288668308728
2024-12-10,Extreme Greed,1596,11,34,3150424.08,1973.94992481203,39325.770231,453.54068535,38872.22954565,1123,70.42606516290726,83.43722172751559,35.0184953081033,4.4305,12.338729186468761
2024-12-11,Greed,1221,12,21,2194098.33,1796.9683292383293,319051.554217,413.50923006,318638.04498694,882,72.23587223587224,98.63945578231292,361.7364560283447,8.2894145,145.22505241911375
2024-12-12,Extreme Greed,1932,14,29,4557189.87,2358.7939285714288,599151.795008,698.96545151,598452.82955649,1417,73.34368530020704,95.41284403669725,422.8311891376147,28.517125,131.3205827775813
2024-12-13,Extreme Greed,1173,11,27,2880824.64,2455.9459846547315,31935.901745,453.22737636,31482.67436864,489,41.687979539641944,96.31901840490798,65.30859252556237,9.742915,10.928355003461785
2024-12-14,Extreme Greed,1235,12,23,2369561.78,1918.6735060728743,167801.399244,232.09144503,167569.30779897,602,48.825910931174086,97.17607973421927,278.7398658538206,26.559756,70.7174251430448
2024-12-15,Extreme Greed,1697,15,21,2583269.81,1522.256812021214,97525.315279,231.33057037999998,97293.98470862,469,27.637006482027104,88.91257995735607,207.9431029402985,13.663895,37.66311375296102
2024-12-16,Extreme Greed,1055,13,34,2740808.97,2597.9231943127966,166774.344133,402.150056,166372.194077,546,52.13270142180095,97.98534798534799,305.44751672710623,33.3141175,60.70185696925824
2024-12-17,Extreme Greed,1941,16,36,5233597.63,2696.3408706852138,219591.305172,746.14038598,218845.16478602,873,45.13137557959814,97.0217640320733,251.5364320412371,28.379407,41.81543562530618
2024-12-18,Extreme Greed,1429,13,35,3798887.07,2658.423421973408,13682.994673,691.44797021,12991.54670279,743,52.20433869839049,70.39030955585464,18.41587439165545,2.885158,3.4198296667950174
2024-12-19,Extreme Greed,3339,13,29,8241709.39,2468.316678646301,62744.004486000005,1056.23317908,61687.771306919996,2196,65.79814315663373,93.48816029143899,28.57195104098361,2.286808,7.484827283739011
2024-12-20,Greed,2488,15,20,7681274.71,3087.3290635048234,254969.660039,1210.83830578,253758.82173322001,1479,59.525723472668815,93.50912778904666,172.39327926910076,29.320949,33.03602999679985
2024-12-21,Greed,1681,8,19,4382875.12,2607.302272456871,150022.163157,680.39159713,149341.77155987,934,55.56216537775134,98.92933618843684,160.62330102462528,35.353857500000004,34.07392806570998
2024-12-22,Greed,774,8,17,3087320.22,3988.7858139534887,352197.163973,333.05684453,351864.10712847,353,45.60723514211886,95.46742209631728,997.7256769773371,31.953525,113.97071960629661
2024-12-23,Greed,2347,14,33,6771878.26,2885.333728163613,-29430.626577,1200.89694657,-30631.523523569995,1404,59.821048146570085,48.504273504273506,-20.96198474145299,-0.1177705,-4.523342320623761
2024-12-24,Greed,338,11,31,1767036.11,5227.917485207101,14813.780116,386.78244023,14426.99767577,171,53.84615384615385,66.66666666666666,86.63029307602339,1.52946,8.164517744784513
2024-12-25,Greed,208,6,20,347889.35,1672.5449519230767,756.6570469999998,66.51878221999999,690.1382647799999,82,39.90384615384615,76.82926829268293,9.227524963414632,4.566637,1.9837866976381997
2024-12-26,Extreme Greed,697,7,16,2205242.65,3163.9062410329984,60228.639722,523.35899848,59705.28072352,371,53.228120516499274,96.49595687331536,162.34134695956874,8.266359,27.07424542306943
2024-12-27,Greed,260,7,16,347913.0,1338.126923076923,2672.811035,88.5556466,2584.2553884000004,116,45.0,94.82758620689656,23.041474439655175,2.779803,7.42787820058463
2024-12-28,Greed,161,7,14,281555.01,1748.7888819875777,940.673623,48.40849263,892.26513037,46,28.57142857142857,80.43478260869566,20.449426586956523,4.620023,3.169061457546076
2024-12-29,Greed,201,7,18,344628.54,1714.5698507462685,2884.067927,72.1173571,2811.9505699,64,31.8407960199005,100.0,45.063561359375,1.8109199999999999,8.159366516481775
2024-12-30,Greed,304,9,18,1073865.73,3532.453059210526,9009.738137,284.90632048,8724.83181652,122,39.80263157894737,98.36065573770492,73.85031259836066,11.123168,8.12469526941697
2024-12-31,Greed,306,6,19,877164.62,2866.551045751634,5445.01281,266.51641113,5178.49639887,100,32.6797385620915,92.0,54.4501281,17.473223,5.903676779473846
2025-01-01,Greed,96,6,13,282582.1,2943.5635416666664,-9528.065345,31.60438221,-9559.66972721,30,31.25,96.66666666666667,-317.6021781666667,3.1430695,-33.82970728581181
2025-01-02,Greed,361,9,40,774674.84,2145.9136842105263,8716.519087,176.13969323,8540.37939377,168,46.26038781163435,98.21428571428571,51.884042184523814,7.4541924999999996,11.024469819840798
2025-01-03,Greed,508,9,68,771208.99,1518.1279330708662,6028.486793,210.99783681,5817.48895619,163,31.88976377952756,84.66257668711657,36.98458155214724,6.814386,7.543336542523966
2025-01-04,Greed,371,9,32,1826029.6199999999,4921.912722371967,2553.537968,233.711971,2319.825997,85,22.911051212938006,88.23529411764706,30.041623152941177,5.395456,1.2704207925170459
2025-01-05,Greed,239,8,23,451943.57,1890.977280334728,3187.719363,139.34161097,3048.37775203,104,43.93305439330544,96.15384615384616,30.651147721153848,3.489875,6.7450406519336035
2025-01-06,Extreme Greed,573,7,39,556526.99,971.2512914485166,6064.185393,174.93108825,5889.25430475,121,21.11692844677138,73.55371900826447,50.11723465289256,2.602705,10.58215398457135
2025-01-07,Extreme Greed,637,6,72,1313178.1,2061.504081632653,16098.227531,303.38645263,15794.84107837,500,78.33594976452119,97.0,32.196455062,9.822431,12.02795041919295
2025-01-08,Greed,1039,11,56,3177275.18,3058.0126852743024,130117.090554,696.91291038,129420.17764361999,422,40.423484119345524,91.4691943127962,308.3343378056872,7.026482,40.7330716767252
2025-01-09,Greed,522,7,80,1020733.25,1955.427681992337,46975.928902,275.51377943,46700.41512257,169,32.18390804597701,85.79881656804734,277.96407634319525,12.54088,45.751830973048044
2025-01-10,Neutral,819,7,82,6547449.68,7994.444053724053,-10116.875552,2094.17917505,-12211.054727050001,488,59.0964590964591,88.52459016393442,-20.731302360655736,9.449878,-1.8650093278838304
2025-01-11,Greed,283,7,19,1658098.71,5859.006042402827,2269.080536,494.64797735,1774.4325586500001,88,30.742049469964666,78.4090909090909,25.78500609090909,5.1872869999999995,1.070160990988287
2025-01-12,Greed,602,7,23,2258459.17,3751.59330564784,5742.241803,612.0827527,5130.1590503,475,78.90365448504983,99.36842105263159,12.088930111578946,1.417065,2.271530572013839
2025-01-13,Greed,408,11,26,2936648.0100000002,7197.666691176471,9655.429352,863.10012478,8792.32922722,166,40.931372549019606,95.18072289156626,58.16523706024096,15.966145000000001,2.994001731661398
2025-01-14,Greed,275,9,23,876581.97,3187.5708,16069.512355,240.59104948,15828.92130552,141,51.272727272727266,97.16312056737588,113.96817273049646,29.905893,18.057548349437305
2025-01-15,Greed,267,11,22,1801599.8900000001,6747.565131086143,14819.5883,513.60899482,14305.97930518,139,51.68539325842697,88.48920863309353,106.61574316546762,7.2708,7.940708358491297
2025-01-16,Extreme Greed,371,9,28,3049692.96,8220.196657681941,20807.709328,890.56916796,19917.140160040002,141,38.274932614555254,90.0709219858156,147.5724065815603,11.719323,6.530867343458734
2025-01-17,Extreme Greed,238,8,23,1110230.46,4664.8338655462185,7006.415608,351.41464889,6655.00095911,127,53.36134453781513,99.21259842519686,55.16862683464567,9.024339,5.9942518232746025
2025-01-18,Extreme Greed,651,12,32,2711629.88,4165.330076804916,443.2330819999997,815.9342014599999,-372.70111945999986,280,43.16436251920123,88.57142857142857,1.5829752928571417,5.598131,-0.1374454243216998
2025-01-19,Extreme Greed,1567,15,28,9715215.3,6199.8821314613915,87923.799302,2162.35563971,85761.44366229,434,27.760051052967455,73.04147465437788,202.58939931336405,5.049223,8.827539175821455
2025-01-20,Extreme Greed,1315,15,38,8287327.01,6302.149817490495,87277.239173,2207.65981966,85069.57935334,808,61.44486692015209,85.02475247524752,108.016385115099,8.5656625,10.265020223129822
2025-01-21,Extreme Greed,530,8,29,1523729.82,2874.961924528302,11077.839421,398.3042653,10679.5351557,214,40.56603773584906,95.7943925233645,51.76560477102804,6.6711504999999995,7.008811546196555
2025-01-22,Extreme Greed,832,10,31,1778406.43,2137.5077283653845,20524.408057,471.17013976,20053.23791724,296,35.57692307692308,79.05405405405406,69.33921640878378,4.2909875,11.275958959077762
2025-01-23,Extreme Greed,1218,12,39,3697028.66,3035.3273070607556,101256.24216,1088.34986968,100167.89229032,847,69.45812807881774,95.0413223140496,119.54692108618653,33.32697,27.09416169100512
2025-01-24,Extreme Greed,874,11,26,1611433.45,1843.7453661327231,10602.779738,338.6436011,10264.1361369,499,57.32265446224256,97.79559118236473,21.248055587174346,5.9438,6.369568744461648
2025-01-25,Extreme Greed,506,11,26,1239377.7,2449.363043478261,-10348.016255999999,318.93376206,-10666.95001806,170,33.59683794466403,82.94117647058825,-60.870683858823526,3.818075,-8.606698360039882
2025-01-26,Greed,451,7,25,1201173.66,2663.3562305986693,40823.466668,382.25815423,40441.20851377,206,45.45454545454545,95.14563106796116,198.17216829126215,26.57233,33.668078031090026
2025-01-27,Greed,773,15,31,1508028.31,1950.8775032341528,41331.765392,406.25916743,40925.50622457,400,51.746442432082794,92.0,103.32941348,10.296617,27.13842038188925
2025-01-28,Greed,498,8,20,579412.17,1163.4782530120483,17979.613973,124.71028463,17854.90368837,328,66.66666666666666,95.42682926829268,54.81589625914634,17.9958,30.815548262249994
2025-01-29,Greed,910,9,26,1897513.41,2085.1795714285713,23421.01147,612.52114509,22808.49032491,393,43.18681318681319,96.43765903307889,59.595449033078886,20.111476,12.020199807130743
2025-01-30,Greed,1067,11,22,3014397.17,2825.114498594189,23097.471385,874.65111573,22222.82026927,423,39.64386129334583,87.47044917257683,54.60395126477542,11.51349,7.372227021189116
2025-01-31,Extreme Greed,1016,11,29,2783411.48,2739.578228346457,35868.296773,670.93805151,35197.35872149,586,57.677165354330704,93.85665529010238,61.20869756484642,14.778770999999999,12.645402583986613
2025-02-01,Greed,634,12,33,1363746.44,2151.019621451104,32300.205017,285.47738189,32014.72763511,398,62.77602523659306,94.9748743718593,81.15629401256281,10.3053445,23.47557192164696
2025-02-02,Greed,1319,13,39,5661092.29,4291.957763457164,162854.759623,1184.12208921,161670.63753379,529,40.10614101592115,89.413988657845,307.85398794517954,20.324242,28.558205599186582
2025-02-03,Fear,2380,12,37,22592901.37,9492.815701680673,348871.326269,2991.56562406,345879.76064494,1338,56.21848739495798,82.43647234678625,260.74090154633785,11.3592,15.309222794386944
2025-02-04,Greed,2512,13,23,15678409.27,6241.404964171974,416876.88812,3853.77856394,413023.10955606,797,31.727707006369428,87.20200752823087,523.0575760602259,19.385325,26.34343206911705
2025-02-05,Neutral,1297,11,17,8743231.51,6741.1191287586735,56706.235562,1335.74961667,55370.48594533,507,39.09020817270625,82.24852071005917,111.84661846548323,13.276555,6.332954340966547
2025-02-06,Neutral,1703,11,20,2818508.87,1655.0257604227834,33803.799733,709.13035861,33094.669374389996,829,48.620082207868464,94.69240048250904,40.776597989143546,19.155868,11.741907122112409
2025-02-07,Fear,1524,13,27,3460263.54,2270.5141338582675,22450.002091,738.0892383400001,21711.91285266,537,35.36745406824147,80.07448789571696,41.80633536499069,3.593667,6.274641397013362
2025-02-08,Fear,575,10,23,839734.97,1460.4086434782607,586.703253,109.97628618,476.72696682,122,21.217391304347828,90.1639344262295,4.80904305737705,0.06662,0.5677112230064684
2025-02-09,Neutral,764,12,24,2920919.7,3823.19332460733,150551.829492,427.36182496,150124.46766704,334,43.717277486910994,98.50299401197606,450.75398051497,15.770814000000001,51.39630085244726
2025-02-10,Fear,889,14,26,3624958.44,4077.5685489313837,63908.49465,491.3623421,63417.1323079,462,51.96850393700787,91.991341991342,138.330075,6.9795,17.4945818986824
2025-02-11,Neutral,848,12,19,2797544.17,3298.990766509434,-6093.784817,476.43012785,-6570.2149448499995,326,38.443396226415096,56.74846625766872,-18.692591463190183,0.22478599999999999,-2.348565222064036
2025-02-12,Neutral,1031,12,23,4143974.54,4019.3739476236665,19848.635032,1099.15503114,18749.48000086,557,54.12221144519883,85.63734290843806,35.63489233752244,5.2,4.524516215019989
2025-02-13,Neutral,1370,11,28,3199852.21,2335.6585474452554,27829.534238,823.48748402,27006.04675398,657,47.956204379562045,97.56468797564688,42.35849960121766,6.747438,8.439779396555318
2025-02-14,Neutral,1655,15,22,4007103.42,2421.210525679758,213860.675308,961.57771575,212899.09759225,802,48.338368580060425,88.5286783042394,266.65919614463843,21.994244000000002,53.13042247166408
2025-02-15,Neutral,932,12,27,1712852.95,1837.8250536480687,45042.92701,374.08731802,44668.83969198,417,44.63519313304721,96.1630695443645,108.01661153477218,4.89753,26.07861912021111
2025-02-16,Neutral,681,10,14,806177.64,1183.8144493392072,2369.478425,171.57200528,2197.90641972,349,51.248164464023496,85.95988538681948,6.789336461318051,1.655747,2.7263301667855737
2025-02-17,Neutral,941,9,27,2031044.64,2158.3896280552603,1818.573295,253.48675564,1565.08653936,242,25.717321997874603,87.19008264462809,7.514765681818181,1.215033,0.7705820485363631
2025-02-18,Neutral,1676,11,30,3371128.68,2011.413293556086,91204.672403,609.53940291,90595.13300009,930,55.42959427207638,92.25806451612904,98.06954021827957,14.8256395,26.873828204057165
2025-02-19,Fear,1361,10,15,3263930.24,2398.185334313005,14985.794701,688.4874495,14297.3072515,640,47.09772226304188,90.9375,23.4153042203125,6.4540355,4.380396086988672
2025-02-20,Neutral,2012,11,25,4628609.29,2300.5016351888667,46008.794102,1232.46402475,44776.33007725,992,49.25447316103379,97.17741935483872,46.379832764112905,4.625159,9.673819342234868
2025-02-21,Greed,1873,14,23,3972159.88,2120.747399893219,119693.49395,829.71831377,118863.77563623,1012,54.03096636412174,96.6403162055336,118.27420350790514,12.401824000000001,29.924217359606885
2025-02-22,Neutral,686,10,34,3175570.2,4629.111078717201,25278.704178,880.16463397,24398.53954403,352,51.45772594752187,96.875,71.81450050568182,17.663559,7.683199553903737
2025-02-23,Neutral,520,12,30,1141310.74,2194.8283461538463,10656.934251,230.00271917,10426.93153183,243,46.73076923076923,96.29629629629629,43.85569650617284,11.04675,9.135926935928072
2025-02-24,Neutral,5616,14,42,11223619.59,1998.5077617521367,38470.176242,2097.96443324,36372.21180876,2527,44.99643874643874,88.16778789077958,15.223655022556391,1.676,3.240684657663099
2025-02-25,Fear,6246,18,26,19414984.36,3108.3868651937237,204762.177034,3186.61506431,201575.56196969,2141,34.26192763368556,76.03923400280243,95.63856937599252,3.314255,10.382473569486304
2025-02-26,Extreme Fear,1176,13,33,4946958.13,4206.597049319727,63229.063129,754.17254667,62474.89058233,850,72.1938775510204,92.82352941176471,74.38713309294118,7.03698,12.628950749241534
2025-02-27,Extreme Fear,890,9,20,1999898.43,2247.0768876404495,-36525.167517,512.14597331,-37037.31349031,420,47.07865168539326,58.80952380952381,-86.96468456428572,0.244239,-18.519597262901996
2025-02-28,Extreme Fear,1019,13,30,4123660.77,4046.7721000981355,225628.108748,878.39826396,224749.71048404,409,40.13738959764475,96.82151589242054,551.657967599022,17.84368,54.50247317119638
2025-03-01,Extreme Fear,174,5,14,263824.13,1516.230632183908,10596.108968,37.06354539,10559.045422610001,84,48.85057471264368,92.85714285714286,126.14415438095239,29.9319505,40.02304649923417
2025-03-02,Fear,532,10,15,6460848.74,12144.452518796992,66914.320708,1931.69694201,64982.62376599,281,52.63157894736842,95.01779359430606,238.1292551886121,34.771845,10.057908237918289
2025-03-03,Fear,1482,14,34,8244590.38,5563.151403508772,616413.032233,1040.56404242,615372.46819058,945,63.76518218623482,96.5079365079365,652.2889229978837,88.45912,74.63954421354528
2025-03-04,Extreme Fear,2402,16,18,11124247.15,4631.24360949209,182075.566585,2220.33648528,179855.23009972,818,34.05495420482931,74.44987775061125,222.5862672188264,6.353714,16.16785636587731
2025-03-05,Extreme Fear,1660,13,34,9193654.22,5538.345915662651,269328.365917,2321.32151085,267007.04440615,1279,76.98795180722891,98.43627834245504,210.57729938780295,68.319913,29.042537169311768
2025-03-06,Fear,760,12,12,6765324.96,8901.743368421052,16101.125561,1306.61716326,14794.508397739999,382,50.26315789473684,95.54973821989529,42.149543353403146,7.6137495,2.186814156779248
2025-03-07,Fear,2552,14,22,19854275.48,7779.888510971787,150236.061627,4916.50104687,145319.56058013,1431,55.99529780564263,93.15164220824597,104.98676563731655,18.704,7.319308162441695
2025-03-08,Fear,529,13,16,892083.51,1686.3582419659735,24700.773359,208.339773,24492.433586,303,57.27788279773157,99.33993399339934,81.52070415511551,21.396588,27.455314789979695
2025-03-09,Fear,1422,12,36,10419697.99,7327.495070323488,19773.457395,2377.0639268,17396.3934682,627,44.09282700421941,100.0,31.536614665071774,10.69224,1.6695679169296154
2025-03-10,Extreme Fear,2911,14,15,16811790.68,5775.263029886637,-10010.027269999999,3488.37247123,-13498.399741230003,1334,45.82617657162487,86.73163418290855,-7.503768568215891,6.107590999999999,-0.8029126699327904
2025-03-11,Extreme Fear,3286,16,18,14016952.09,4265.657970176507,-76880.729036,2441.08024204,-79321.80927804,1197,36.39683505782106,51.461988304093566,-64.22784380618212,0.061202,-5.658991253500104
2025-03-12,Fear,3968,13,10,18618139.15,4692.071358366935,288105.984215,3658.41357197,284447.57064303,2333,58.795362903225815,96.01371624517789,123.49163489712816,37.419189,15.277980702117054
2025-03-13,Neutral,962,13,14,3285591.22,3415.375488565489,14114.870873,809.18670717,13305.68416583,490,50.83160083160083,89.79591836734694,28.805858924489797,4.765835,4.049707731392708
2025-03-14,Fear,2210,10,5,8047187.16,3641.261158371041,68646.160089,1193.48707492,67452.67301408,1922,87.01357466063348,98.1789802289282,35.71600420863683,2.487627,8.382142936772457
2025-03-15,Neutral,261,8,11,2355749.54,9025.86030651341,78694.624572,574.332888,78120.291684,189,72.03065134099617,82.01058201058201,416.373674984127,6.99048,33.161543855803956
2025-03-16,Fear,530,8,12,10187921.51,19222.49341509434,-7910.943544999999,2442.48300218,-10353.426547179999,220,41.509433962264154,55.90909090909091,-35.958834295454544,0.192505,-1.0162452210706125
2025-03-17,Fear,920,11,14,3592895.05,3905.320706521739,26163.906513,807.74000798,25356.16650502,483,52.5,86.33540372670807,54.16957870186336,14.37168,7.057307867932296
2025-03-18,Fear,834,13,16,4050655.47,4856.901043165468,72322.788824,857.936131,71464.852693,246,29.256594724220626,76.42276422764228,293.9950765203252,1.7460404999999999,17.642787253145475
2025-03-19,Fear,1612,12,17,4598813.57,2852.8620161290323,29374.682341,784.4900710184,28590.1922699816,775,48.01488833746898,86.58064516129032,37.90281592387097,2.628444,6.216862639635465
2025-03-20,Neutral,771,13,20,1652257.93,2143.0063942931256,10246.859436,329.235446,9917.62399,440,56.939040207522694,71.5909090909091,23.2883169,2.893027,6.002467175327765
2025-03-21,Fear,698,9,12,2543903.39,3644.560730659026,6951.270374,633.46068283,6317.80969117,349,50.0,100.0,19.917680154727794,3.749184,2.4835100719646435
2025-03-22,Fear,535,8,13,971809.42,1816.4662056074767,12498.535254,268.83480197,12229.70045203,331,61.86915887850467,76.73716012084593,37.7599252386707,7.030725,12.584463785121573
2025-03-23,Fear,447,10,22,2593519.67,5802.057427293064,14047.421585,597.21601403,13450.20557097,146,32.662192393736014,100.0,96.21521633561643,20.202649,5.186081959027518
2025-03-24,Neutral,1027,13,34,3017587.05,2938.254186952288,107878.961301,531.10535137,107347.85594963,671,65.33592989289193,94.18777943368107,160.77341475558868,11.08978,35.57407099478042
2025-03-25,Neutral,791,13,30,5372519.77,6792.060391908975,32030.90678,1401.35398577,30629.55279423,390,49.304677623261696,73.33333333333333,82.13053020512821,3.505614,5.701152179144052
2025-03-26,Neutral,3102,17,18,7597754.37,2449.30830754352,15802.167427,1796.80351609,14005.36391091,1618,52.288845905867184,51.977750309023484,9.76648172249691,0.181976,1.8433557112889398
2025-03-27,Fear,785,11,17,3240279.46,4127.744535031847,58825.359221,714.0241193,58111.3351017,265,33.503184713375795,98.86792452830188,221.9824876264151,30.948496,17.934050386413276
2025-03-28,Fear,728,11,20,1483092.61,2037.2151236263737,21337.179335,389.28339505,20947.895939949998,234,32.142857142857146,98.71794871794873,91.18452707264957,10.486820999999999,14.124469233212615
2025-03-29,Fear,1894,10,16,3668151.83,1936.7221911298839,12098.872931,839.84451462,11259.02841638,940,49.63041182682154,71.70212765957447,12.871141415957446,0.677679,3.0694008694781862
2025-03-30,Fear,568,9,18,2850874.96,5019.146056338028,15795.11514,759.07175327,15036.04338673,106,18.838028169014084,88.67924528301887,149.01052018867924,22.428899,5.274185503642713
2025-03-31,Fear,495,12,15,2164772.4699999997,4373.277717171717,6978.184557,482.00163111,6496.182925889999,292,58.98989898989899,88.6986301369863,23.89789231849315,9.1530015,3.000861760723518
2025-04-01,Fear,192,9,14,704445.1900000001,3668.9853645833336,-2202.6622420000003,162.93599482,-2365.5982368200002,122,63.541666666666664,72.1311475409836,-18.054608540983608,4.185565,-3.358101198504883
2025-04-02,Fear,1076,11,15,3867930.6,3594.7310408921935,202212.740938,1181.2230379,201031.5179001,964,89.49814126394052,99.89626556016597,209.76425408506225,34.296169500000005,51.97392060242756
2025-04-03,Fear,1748,17,13,8670233.15,4960.087614416476,-2365.961276,1337.1188527,-3703.0801287000004,634,36.2700228832952,82.01892744479495,-3.731800119873817,1.035884,-0.4271027162285711
2025-04-04,Fear,1272,14,18,3835545.73,3015.3661399371067,-25515.678949999998,836.063409361,-26351.742359361,689,54.088050314465406,71.55297532656023,-37.03291574746008,0.987326,-6.870402340206487
2025-04-05,Fear,360,10,12,1267564.22,3521.011722222222,35907.33771,282.060344,35625.277366,215,60.0,97.20930232558139,167.01087306976743,26.602018,28.10530370287669
2025-04-06,Fear,1048,14,17,3551252.06,3388.59929389313,47053.449272,618.4359126335,46435.0133593665,346,33.11068702290076,95.95375722543352,135.99262795375722,4.937168,13.075673755291394
2025-04-07,Extreme Fear,2814,18,19,14460253.14,5138.682707889126,34527.370305,2766.5551014029,31760.8152035971,1263,44.847192608386635,53.285827395091054,27.337585356294536,0.68484,2.1964217981592746
2025-04-08,Extreme Fear,943,17,19,8869391.4,9405.505196182397,34899.394798,2274.97769106,32624.41710694,461,48.88653234358431,83.73101952277658,75.70367635140998,6.944772,3.6783151893533526
2025-04-09,Extreme Fear,3967,20,29,28556806.47,7198.589984875221,43120.444797,6111.274358194,37009.170438806,2224,56.06251575497857,76.79856115107914,19.38868920728417,3.712,1.2959842158010746
2025-04-10,Fear,2127,19,30,28741953.29,13512.90704748472,158261.822261,6868.556500782,151393.265760218,1331,62.670427832628114,84.5229151014275,118.90444948234409,1.0692,5.267326970880968
2025-04-11,Fear,1096,16,15,11319327.07,10327.853166058394,126406.479081,2174.4390780901,124232.04000290991,453,41.332116788321166,81.23620309050773,279.0430001788079,6.4225,10.975214271541489
2025-04-12,Fear,2109,20,22,55914617.49,26512.383826458037,410419.694533,11517.596374457,398902.098158543,721,34.186818397344716,79.6116504854369,569.2367469251041,7.55559,7.134129071523815
2025-04-13,Neutral,1321,17,22,14171154.79,10727.596358819075,48696.021521,2568.3362202649,46127.6853007351,566,42.9220287660863,84.45229681978799,86.03537371201413,5.474056,3.255040678356397
2025-04-14,Fear,890,14,17,13079972.98,14696.598853932584,45680.443063,2023.157718567,43657.285344432996,418,46.853932584269664,89.95215311004785,109.28335661004785,12.154318,3.3377198417143057
2025-04-15,Fear,1131,14,15,20752168.24,18348.51303271441,72357.706282,1866.90475939,70490.80152261,652,57.736516357206014,99.23312883435584,110.9780771196319,9.9036,3.396792118653815
2025-04-16,Fear,1608,17,15,36502715.9,22700.69396766169,58631.730257,5997.61790529,52634.11235171,807,50.18656716417911,67.7819083023544,72.65394083890955,3.0816,1.4419231844529685
2025-04-17,Fear,1031,12,14,2604551.51,2526.238128031038,5427.919886,519.20873692,4908.71114908,369,35.693501454898154,84.82384823848238,14.70980998915989,2.424909,1.8846665655232138
2025-04-18,Fear,1894,12,21,24610650.46,12994.007634635693,4880.4047439999995,4667.32793177,213.07681222999963,992,52.63991552270328,97.88306451612904,4.919762846774193,3.233368,0.008657910630046778
2025-04-19,Fear,2786,15,13,32706462.71,11739.577426417804,71950.577495,6480.62633269,65469.95116231,1022,36.71931083991385,79.6477495107632,70.40173923189825,1.6829815,2.001743561901378
2025-04-20,Fear,1982,12,31,12126094.05,6118.110015136226,25060.341936,1887.3296081058,23173.0123278942,962,48.58728557013118,82.12058212058211,26.050251492723493,3.169374,1.9110038428156675
2025-04-21,Fear,1718,14,35,42104054.84,24507.598859138536,34369.267906999994,6356.09106388,28013.17684312,852,49.59254947613504,79.46009389671362,40.339516322769946,5.028,0.6653320434236827
2025-04-22,Neutral,2998,15,27,33753625.24,11258.714222815212,58652.763578,5749.685751,52903.077827,1288,42.99533022014677,68.94409937888199,45.53785992080745,0.86387,1.5673302482575053
2025-04-23,Greed,6159,19,44,30682443.79,4981.72492125345,-419020.225731,7342.08084188,-426362.30657288,4139,67.46225036531904,48.32085044696787,-101.23706830901185,-0.259152,-13.895969613471262
2025-04-24,Greed,2232,15,32,35088918.64,15720.841684587815,50704.395965,7366.5003199353005,43337.8956450647,1186,53.80824372759857,77.82462057335582,42.752441791736935,2.5692,1.2350878090515216
2025-04-25,Greed,1653,16,35,27749455.78,16787.32957047792,20218.859206,6299.0932547382,13919.765951261801,730,44.283121597096184,87.3972602739726,27.697067405479455,2.585394,0.50162302502863
2025-04-26,Greed,1131,12,27,11948127.77,10564.215534924844,-4125.753942,2652.30675352,-6778.06069552,552,48.717948717948715,35.32608695652174,-7.474191923913044,-2.9421785,-0.5672906103781982
2025-04-27,Greed,337,9,16,487537.69,1446.6993768545994,2702.067468,55.9267726562,2646.1406953438,163,48.367952522255194,73.61963190184049,16.577101030674847,0.881676,5.427561293453641
2025-04-28,Neutral,1379,8,14,26124921.49,18944.83066715011,36906.813759,6007.2514035301,30899.5623554699,722,52.356780275561995,79.6398891966759,51.11747058033241,6.208862,1.1827619220711352
2025-04-29,Greed,2243,7,17,34089511.66,15198.177289344627,125749.613427,5149.2952871531,120600.3181398469,1034,46.09897458760589,93.7137330754352,121.61471317891683,6.14403,3.5377543492756187
2025-04-30,Greed,1113,8,15,12693878.85,11405.10229110512,14003.797269,2950.1837728755,11053.6134961245,329,29.469901168014374,89.66565349544074,42.56473334042553,14.986622,0.8707829676603933
2025-05-01,Neutral,1230,11,11,10720240.52,8715.642699186992,54536.829297000004,2652.6136779658,51884.2156190342,674,54.63414634146342,78.63501483679525,80.91517699851633,9.246220000000001,4.839836897524591
